{
  "save_dir": "runs/shelf_4cam_fk",
  "restore_step": 200000,
  "goal": [
    -0.8147367238998413,
    -0.9264296293258667,
    0.08925478905439377,
    -3.0371434688568115,
    -0.03445977345108986,
    3.0013763904571533,
    0.8575140833854675,
    0.0
  ],
  "num_episodes": 1,
  "success_rate": 0.0,
  "results": [
    {
      "episode": 1,
      "steps": 200,
      "success": false,
      "min_joint_dist": 2.473834753036499
    }
  ]
}