{
  "save_dir": "runs/pick_drop_nofk",
  "restore_step": 125000,
  "goal": [
    -0.6088171005249023,
    -0.5938776731491089,
    0.03586965426802635,
    -1.8177120685577393,
    -0.14839746057987213,
    2.089813470840454,
    1.0475869178771973,
    1.0
  ],
  "num_episodes": 1,
  "success_rate": 0.0,
  "results": [
    {
      "episode": 1,
      "steps": 200,
      "success": false,
      "min_joint_dist": 0.15287703275680542
    }
  ]
}